Weather_Condition,Nearby_Vessel,Vessel_Distance_NM,Vessel_Speed_Knots,Radar_Object_Detected,Radar_Distance_NM,Ship_Speed_Knots,Risk_Level
Clear,No,3.51,16.82,No,4.24,17.97,Safe
Storm,No,3.34,19.92,Yes,5.0,8.45,High
Rain,Yes,10.92,6.26,Yes,8.62,22.45,Moderate
Rain,Yes,3.37,15.62,No,3.73,17.26,High
Clear,Yes,3.63,14.29,No,8.76,8.14,Moderate
Clear,Yes,9.23,20.82,No,1.34,24.25,Safe
Clear,Yes,5.67,22.65,No,7.88,15.37,Moderate
Storm,Yes,9.43,0.3,No,8.55,6.46,High
Rain,No,1.25,16.85,No,2.23,17.54,Moderate
Rain,No,6.11,1.3,No,4.59,10.06,Moderate
Clear,No,0.89,13.72,No,2.07,21.07,Safe
Storm,Yes,1.22,7.19,No,7.21,21.36,Critical
Rain,Yes,10.92,7.67,No,5.59,24.58,Moderate
Clear,No,2.1,8.82,No,6.54,15.04,Safe
Clear,Yes,6.62,15.53,No,2.37,14.1,Moderate
Clear,Yes,5.23,8.35,No,2.51,20.07,Moderate
Clear,No,4.49,18.32,Yes,0.89,7.65,High
Clear,No,10.85,10.11,Yes,3.56,15.94,Moderate
Clear,Yes,0.75,1.71,No,5.82,15.92,Moderate
Clear,No,8.13,19.59,No,8.65,6.79,Safe
Rain,Yes,11.58,7.14,No,6.84,13.36,Moderate
Clear,No,6.94,10.82,No,4.64,22.07,Safe
Clear,Yes,11.27,17.14,No,9.55,22.12,Safe
Clear,Yes,1.1,8.31,Yes,7.33,6.98,Moderate
Clear,Yes,5.32,1.41,No,9.34,6.81,Moderate
Rain,No,3.49,9.35,Yes,5.51,10.25,Moderate
Clear,Yes,8.9,23.61,No,2.96,22.5,Safe
Clear,Yes,11.78,16.04,No,1.0,7.58,Safe
Rain,No,3.45,16.79,Yes,7.4,19.4,Moderate
Clear,Yes,8.02,15.81,No,1.65,7.02,Safe
Rain,No,2.78,4.97,No,3.38,17.46,Moderate
Clear,No,7.0,10.46,No,5.56,12.12,Safe
Clear,No,5.84,18.77,No,5.86,20.78,Safe
Storm,No,11.68,2.53,Yes,6.21,9.67,High
Storm,No,7.5,6.95,No,2.08,17.78,High
Rain,Yes,4.52,6.91,Yes,4.11,9.71,High
Clear,No,1.81,10.8,Yes,6.36,19.27,Safe
Clear,Yes,2.24,24.51,Yes,9.71,22.47,Moderate
Rain,No,3.09,1.69,No,7.41,7.54,Moderate
Clear,No,3.39,12.97,No,9.26,22.33,Safe
Clear,No,10.28,4.48,Yes,7.74,16.87,Safe
Clear,Yes,6.95,24.27,No,6.12,7.54,Moderate
Clear,No,6.52,2.83,No,2.32,13.55,Safe
Storm,Yes,1.82,10.09,No,6.83,8.22,Critical
Clear,Yes,10.39,18.45,No,6.42,19.01,Safe
Rain,Yes,8.81,17.61,No,6.22,20.18,Moderate
Clear,No,1.28,10.57,No,5.15,7.12,Safe
Clear,No,8.64,8.66,No,5.52,15.12,Safe
Clear,Yes,6.75,9.94,Yes,3.68,21.29,Moderate
Clear,No,1.44,6.61,No,5.43,23.72,Safe
Storm,Yes,5.77,5.13,Yes,2.38,15.27,Critical
Rain,No,6.07,12.08,No,8.15,24.01,Moderate
Storm,Yes,2.41,6.71,Yes,2.26,15.71,Critical
Storm,Yes,11.38,7.19,No,1.31,12.88,High
Rain,Yes,10.27,16.42,Yes,4.64,21.96,Moderate
Storm,No,8.19,24.21,No,6.75,14.86,High
Clear,Yes,5.82,15.09,Yes,4.66,14.44,Moderate
Clear,No,5.24,1.92,No,3.13,14.81,Safe
Clear,No,7.99,1.89,Yes,5.8,21.94,Moderate
Clear,Yes,6.77,23.79,Yes,3.8,21.64,Moderate
Clear,Yes,1.22,7.43,No,9.36,13.07,Moderate
Clear,Yes,6.39,2.3,No,9.27,11.67,Moderate
Rain,Yes,9.77,14.98,Yes,5.27,14.84,Moderate
Clear,No,5.78,15.59,No,3.61,16.46,Safe
Clear,No,1.1,16.21,Yes,7.5,9.77,Safe
Clear,Yes,9.54,6.69,No,0.85,20.88,Safe
Clear,No,2.82,0.38,No,5.01,14.73,Safe
Rain,No,3.47,24.13,Yes,3.7,11.68,Moderate
Clear,No,2.39,6.27,No,9.25,7.14,Safe
Storm,No,4.3,16.9,Yes,0.61,9.78,Critical
Rain,No,9.2,17.67,No,5.75,23.99,Moderate
Clear,No,6.47,15.25,No,7.54,11.1,Safe
Clear,No,2.86,7.82,No,5.11,8.38,Safe
Rain,No,10.6,6.78,No,1.31,14.21,Moderate
Rain,Yes,10.62,14.94,No,9.74,11.14,Moderate
Rain,No,10.51,21.65,No,5.42,5.7,Moderate
Rain,No,3.25,23.67,No,6.33,11.46,Moderate
Clear,Yes,5.69,2.65,No,2.75,15.88,Moderate
Clear,No,11.83,3.87,Yes,5.09,16.03,Moderate
Clear,Yes,9.38,23.62,No,4.58,12.13,Safe
Storm,Yes,0.81,18.41,No,1.21,13.95,Critical
Rain,No,1.25,22.07,No,1.51,24.31,Moderate
Clear,No,5.84,5.07,No,8.46,12.55,Safe
Clear,Yes,10.96,14.69,Yes,2.78,10.16,High
Clear,Yes,6.7,17.53,No,2.35,9.87,Moderate
Clear,No,6.22,17.0,No,5.3,14.16,Safe
Rain,Yes,1.71,10.2,No,7.8,20.19,High
Rain,No,8.05,0.38,No,1.09,9.12,Moderate
Storm,Yes,9.95,14.57,Yes,5.98,19.19,High
Clear,No,4.87,6.33,No,1.63,5.42,Safe
Clear,Yes,9.42,11.26,Yes,0.85,13.38,High
Rain,Yes,11.59,23.94,No,1.0,20.52,Moderate
Rain,Yes,2.84,9.98,No,8.42,11.77,High
Rain,No,6.52,21.0,Yes,1.62,16.27,High
Rain,No,3.8,4.71,No,0.93,9.1,Moderate
Clear,No,9.62,16.81,No,4.66,19.84,Safe
Clear,No,7.14,24.43,No,8.52,6.05,Safe
Clear,No,7.8,2.55,No,2.99,22.05,Safe
Clear,Yes,9.68,0.21,No,4.51,8.96,Safe
Clear,No,5.05,10.84,No,0.88,22.49,Safe
Clear,No,11.02,2.32,No,4.77,12.05,Safe
Rain,Yes,6.63,18.71,No,5.99,19.45,Moderate
Clear,Yes,2.32,22.86,No,5.92,11.38,Moderate
Clear,Yes,8.5,10.85,No,3.66,23.12,Safe
Storm,Yes,9.62,6.47,No,3.5,7.53,High
Clear,No,4.14,10.86,No,1.51,8.57,Safe
Clear,No,10.36,18.09,Yes,3.98,14.86,Moderate
Rain,Yes,10.92,0.23,No,1.45,6.64,Moderate
Clear,Yes,3.68,14.74,Yes,7.78,8.92,Moderate
Clear,No,11.81,15.33,No,9.68,23.88,Safe
Clear,Yes,2.12,15.94,No,9.72,24.53,Moderate
Clear,No,2.82,6.05,No,8.72,12.53,Safe
Storm,No,2.62,17.85,No,6.21,23.47,High
Rain,No,10.78,2.28,No,7.16,15.9,Moderate
Rain,No,8.02,4.98,No,3.21,10.39,Moderate
Storm,No,2.25,21.94,No,6.49,19.05,High
Rain,No,5.56,18.47,Yes,4.83,18.18,Moderate
Clear,Yes,7.58,0.34,No,5.08,24.78,Moderate
Storm,No,1.46,6.21,No,7.7,10.3,High
Clear,No,10.65,5.36,Yes,3.18,18.44,Moderate
Rain,Yes,9.74,6.77,No,3.52,6.04,Moderate
Storm,Yes,6.31,6.19,No,9.28,7.27,High
Clear,Yes,11.62,1.56,No,1.03,5.08,Safe
Clear,Yes,5.3,11.47,Yes,5.11,24.99,Moderate
Clear,Yes,11.82,18.32,Yes,9.17,21.05,Safe
Clear,No,8.18,15.17,No,6.3,20.73,Safe
Rain,No,7.8,16.82,No,5.69,15.19,Moderate
Storm,No,2.41,2.03,Yes,2.87,11.0,Critical
Clear,No,10.64,23.79,No,3.76,8.03,Safe
Clear,No,5.42,20.96,No,8.59,10.69,Safe
Clear,Yes,2.37,20.13,No,5.81,12.52,Moderate
Clear,No,0.64,20.57,No,5.39,20.13,Safe
Clear,No,6.94,23.32,No,1.45,15.79,Safe
Clear,No,6.57,13.61,No,0.65,6.55,Safe
Storm,Yes,8.77,5.01,No,9.66,5.36,High
Clear,No,10.74,15.42,No,4.08,7.05,Safe
Clear,Yes,1.41,18.57,Yes,6.23,13.21,Moderate
Rain,No,8.91,18.45,No,1.26,23.66,Moderate
Clear,No,2.66,13.04,No,6.99,17.75,Safe
Storm,No,10.37,1.71,No,9.36,21.04,High
Storm,Yes,9.92,9.28,No,5.97,14.33,High
Clear,No,6.72,23.02,No,1.7,12.23,Safe
Clear,Yes,8.67,14.61,No,6.03,7.17,Safe
Clear,No,4.12,13.46,Yes,7.78,22.52,Safe
Clear,No,5.92,6.72,Yes,4.36,20.66,Moderate
Clear,Yes,9.95,9.21,No,8.86,8.36,Safe
Rain,Yes,5.78,22.38,No,6.66,15.25,Moderate
Clear,Yes,4.61,16.66,No,9.04,14.75,Moderate
Clear,Yes,6.18,19.68,Yes,6.42,17.5,Moderate
Clear,Yes,10.02,11.36,Yes,1.75,23.92,High
Storm,Yes,4.35,15.76,No,3.44,16.6,Critical
Clear,Yes,2.5,6.21,No,2.42,15.8,Moderate
Clear,Yes,8.69,17.64,Yes,9.13,6.01,Safe
Clear,Yes,10.0,10.69,No,7.72,6.26,Safe
Storm,Yes,1.66,11.06,No,6.93,8.75,Critical
Clear,Yes,3.26,16.23,No,3.36,5.65,Moderate
Rain,No,2.13,23.41,No,2.25,19.87,Moderate
Rain,Yes,4.5,1.6,Yes,7.69,19.47,High
Clear,Yes,5.68,20.62,Yes,5.0,7.72,Moderate
Rain,No,9.11,7.31,No,2.65,21.72,Moderate
Clear,Yes,7.99,11.1,No,6.36,8.1,Moderate
Rain,No,7.64,0.55,No,0.88,11.02,Moderate
Rain,No,4.55,7.53,No,3.6,9.98,Moderate
Clear,Yes,10.18,12.57,No,4.95,12.45,Safe
Clear,No,5.92,1.4,No,1.91,10.09,Safe
Rain,Yes,11.76,12.28,No,9.85,14.78,Moderate
Clear,Yes,7.79,23.18,No,2.49,13.15,Moderate
Clear,No,1.95,2.63,No,1.74,24.73,Safe
Clear,No,8.28,19.11,No,2.43,6.12,Safe
Rain,No,4.24,10.24,No,7.81,7.84,Moderate
Rain,Yes,8.39,16.38,No,4.54,6.06,Moderate
Clear,Yes,1.3,6.51,Yes,5.87,17.52,High
Clear,Yes,2.51,3.99,No,0.7,6.09,Moderate
Clear,No,10.34,4.01,No,0.83,21.73,Safe
Rain,Yes,3.11,1.76,Yes,4.74,15.24,High
Clear,No,10.13,4.64,Yes,8.26,15.54,Safe
Rain,Yes,3.71,16.61,No,8.91,16.23,High
Clear,No,7.89,22.04,Yes,1.32,8.42,High
Storm,Yes,8.48,20.35,No,5.61,8.95,High
Clear,No,6.4,17.13,No,9.18,11.38,Safe
Clear,Yes,4.01,2.76,No,4.19,16.87,Moderate
Clear,No,2.95,7.23,No,8.38,9.2,Safe
Storm,Yes,0.88,7.75,No,1.77,7.33,Critical
Storm,Yes,4.0,6.25,No,9.39,24.4,Critical
Clear,No,8.01,12.88,No,7.64,5.44,Safe
Rain,Yes,11.29,13.39,No,9.44,21.05,Moderate
Rain,Yes,10.52,8.92,No,6.93,20.76,Moderate
Rain,No,9.31,8.84,No,3.95,10.94,Moderate
Clear,No,9.57,20.71,No,9.41,7.71,Safe
Clear,Yes,8.15,19.73,Yes,3.12,7.91,Moderate
Clear,No,3.49,7.69,Yes,3.66,18.95,Moderate
Storm,No,10.93,22.84,Yes,7.16,17.86,High
Storm,No,8.21,23.82,No,7.77,20.65,High
Rain,Yes,6.95,8.17,Yes,9.33,23.75,Moderate
Clear,No,1.78,8.86,No,2.45,18.84,Safe
Clear,Yes,5.64,12.64,No,8.08,8.12,Moderate
Rain,Yes,5.79,23.53,No,7.52,9.87,Moderate
Storm,Yes,10.44,21.91,No,1.11,21.84,High
Storm,Yes,6.79,2.56,No,4.18,9.19,High
Rain,No,4.87,9.82,No,3.19,6.45,Moderate
Rain,Yes,11.73,13.83,Yes,3.39,19.07,Moderate
Clear,No,1.77,12.58,No,9.84,13.05,Safe
Clear,No,5.36,4.85,No,6.61,23.4,Safe
Storm,No,0.98,21.47,Yes,7.32,18.01,High
Rain,No,9.01,16.92,No,9.78,6.81,Moderate
Clear,Yes,11.06,20.95,No,4.08,23.96,Safe
Clear,Yes,3.72,21.47,No,8.12,10.17,Moderate
Rain,No,10.37,18.71,No,4.63,11.74,Moderate
Clear,No,3.86,10.98,No,8.76,13.05,Safe
Clear,Yes,10.97,15.26,No,2.22,6.02,Safe
Clear,No,9.17,4.01,No,9.5,14.93,Safe
Rain,No,9.76,16.84,No,2.58,7.47,Moderate
Rain,No,0.71,4.48,No,3.6,13.02,Moderate
Clear,Yes,11.57,17.35,No,7.68,12.01,Safe
Rain,Yes,8.86,5.74,No,4.24,20.46,Moderate
Clear,No,4.0,2.94,Yes,6.28,21.06,Safe
Clear,No,10.04,4.13,No,4.72,8.07,Safe
Rain,Yes,3.74,0.05,No,7.55,12.33,High
Rain,Yes,10.54,17.97,No,2.67,12.47,Moderate
Rain,No,1.79,18.31,No,1.06,8.03,Moderate
Rain,Yes,8.59,12.87,No,3.35,20.97,Moderate
Rain,No,6.72,4.03,No,5.01,19.14,Moderate
Clear,No,1.61,2.09,Yes,2.1,8.81,High
Clear,Yes,3.28,0.48,Yes,3.87,12.33,High
Clear,No,0.64,4.14,No,4.3,7.12,Safe
Clear,Yes,5.89,22.27,Yes,1.05,17.56,High
Storm,No,3.96,6.04,No,6.04,7.43,High
Clear,No,7.38,8.86,No,8.9,24.72,Safe
Storm,Yes,3.92,2.63,No,1.94,20.61,Critical
Rain,No,3.95,5.56,No,6.18,12.8,Moderate
Rain,Yes,9.05,12.98,Yes,6.82,16.57,Moderate
Clear,No,1.05,15.19,No,4.48,23.23,Safe
Rain,No,10.88,6.13,No,7.16,16.08,Moderate
Clear,No,10.3,1.44,Yes,4.4,8.49,Moderate
Clear,Yes,8.18,9.78,No,5.29,12.57,Safe
Rain,No,7.32,5.86,No,0.57,21.86,Moderate
Clear,Yes,10.76,5.49,No,7.07,17.88,Safe
Clear,No,2.63,24.0,Yes,6.78,18.01,Safe
Rain,Yes,1.41,15.41,Yes,0.86,22.34,Critical
Clear,No,3.25,13.92,No,4.0,22.88,Safe
Storm,Yes,9.64,10.39,No,9.8,23.4,High
Storm,Yes,0.9,10.72,No,4.5,6.9,Critical
Storm,Yes,7.2,13.52,Yes,5.27,15.88,Critical
Clear,Yes,11.95,17.41,No,9.14,19.81,Safe
Clear,Yes,10.34,17.55,No,7.31,20.14,Safe
Storm,Yes,6.5,4.29,Yes,6.03,17.13,High
Clear,No,1.23,12.5,No,8.08,8.34,Safe
Storm,No,10.06,10.3,No,8.71,20.95,High
Storm,Yes,7.39,21.76,No,4.84,19.4,High
Storm,Yes,1.82,15.79,Yes,5.01,6.72,Critical
Clear,Yes,1.58,13.31,No,4.17,14.28,Moderate
Clear,No,10.96,2.88,No,9.68,8.48,Safe
Storm,No,8.2,15.14,No,7.12,11.75,High
Clear,No,10.04,2.93,No,1.29,5.36,Safe
Clear,Yes,10.61,8.43,No,8.7,13.01,Safe
Rain,No,7.08,3.57,No,5.07,16.0,Moderate
Storm,No,6.45,17.3,Yes,1.15,17.39,Critical
Rain,No,5.45,5.16,No,5.72,18.27,Moderate
Rain,No,4.14,9.8,No,4.46,21.73,Moderate
Clear,No,5.5,22.39,No,8.84,9.31,Safe
Rain,No,9.4,5.11,No,2.44,7.41,Moderate
Storm,Yes,7.42,12.7,Yes,8.35,22.03,High
Clear,No,10.76,10.48,No,5.8,8.13,Safe
Clear,No,5.6,0.45,No,1.02,24.5,Safe
Storm,No,7.48,19.82,No,9.73,21.85,High
Rain,No,7.76,1.73,No,5.37,15.02,Moderate
Rain,No,7.3,11.86,No,3.26,24.63,Moderate
Rain,No,8.58,14.02,No,4.96,6.95,Moderate
Clear,Yes,3.23,15.71,Yes,8.65,11.06,Moderate
Clear,No,6.39,17.22,Yes,3.4,17.76,Moderate
Rain,Yes,1.7,6.33,No,2.33,12.0,High
Rain,Yes,4.92,0.25,Yes,1.73,23.57,Critical
Storm,Yes,6.11,18.09,No,3.33,6.31,High
Storm,No,8.0,13.39,No,7.91,15.99,High
Clear,No,11.43,20.9,No,4.98,16.82,Safe
Clear,No,7.41,20.53,No,2.66,18.05,Safe
Rain,No,9.05,21.08,No,2.08,10.11,Moderate
Rain,Yes,6.32,12.13,No,3.66,12.29,Moderate
Rain,No,7.79,8.34,No,9.43,21.87,Moderate
Rain,No,1.32,19.79,No,3.76,8.9,Moderate
Storm,Yes,3.43,11.28,No,9.89,21.54,Critical
Clear,Yes,4.66,4.59,Yes,5.11,16.25,High
Clear,No,5.93,21.37,No,2.2,20.24,Safe
Clear,No,1.02,22.06,No,8.97,19.27,Safe
Rain,No,2.11,11.66,No,4.87,9.15,Moderate
Clear,No,3.68,1.89,No,7.24,16.38,Safe
Clear,No,11.67,9.7,Yes,9.85,22.35,Safe
Clear,No,4.31,20.09,No,0.98,13.64,Safe
Clear,No,6.04,22.54,No,1.42,24.33,Safe
Rain,No,2.76,5.09,Yes,7.34,14.04,Moderate
Clear,No,7.52,1.67,No,3.18,7.86,Safe
Clear,No,3.73,21.93,No,2.25,12.79,Safe
Rain,No,2.88,9.74,No,0.87,24.03,Moderate
Clear,Yes,6.44,13.54,Yes,0.71,11.39,High
Clear,Yes,0.56,24.2,No,7.86,22.36,Moderate
Clear,No,0.59,1.66,No,1.78,22.63,Safe
Rain,No,3.02,16.21,No,4.94,12.0,Moderate
Clear,No,0.92,1.85,No,6.26,6.67,Safe
Rain,Yes,1.74,9.39,No,4.57,19.49,High
Clear,Yes,4.4,20.1,No,0.76,11.23,Moderate
Clear,No,9.73,10.84,No,7.94,20.66,Safe
Clear,Yes,7.08,24.93,Yes,0.6,13.85,High
Clear,No,6.4,13.98,Yes,7.74,14.71,Safe
Rain,No,3.88,8.03,No,8.99,20.56,Moderate
Rain,Yes,11.22,5.5,Yes,4.61,12.65,Moderate
Storm,Yes,5.07,8.76,No,5.59,13.86,High
Clear,Yes,1.5,9.31,No,5.03,12.52,Moderate
Clear,Yes,7.6,1.72,No,4.2,12.35,Moderate
Rain,No,1.81,9.24,Yes,8.93,15.52,Moderate
Clear,Yes,4.47,11.61,Yes,8.99,21.18,Moderate
Clear,No,6.34,18.07,No,3.69,12.24,Safe
Clear,Yes,10.55,16.42,Yes,6.34,15.49,Safe
Clear,No,6.18,17.72,No,9.31,18.41,Safe
Storm,Yes,8.58,0.21,Yes,9.64,10.39,High
Rain,No,11.92,5.44,Yes,5.34,10.55,Moderate
Rain,Yes,2.01,16.54,No,4.8,23.67,High
Clear,No,3.66,12.1,Yes,3.15,19.47,Moderate
Clear,Yes,5.04,0.13,No,9.61,16.54,Moderate
Clear,No,5.35,20.11,No,1.86,17.95,Safe
Clear,No,5.23,19.32,No,6.01,5.59,Safe
Clear,No,10.94,13.71,No,3.18,17.36,Safe
Rain,No,8.71,1.66,Yes,3.15,15.19,Moderate
Rain,Yes,7.49,19.16,No,4.35,15.91,Moderate
Clear,No,4.06,14.59,No,9.99,12.19,Safe
Storm,Yes,9.97,19.55,Yes,1.02,6.63,Critical
Rain,No,11.48,18.79,Yes,6.0,8.87,Moderate
Rain,No,9.94,20.08,No,1.28,24.01,Moderate
Rain,Yes,0.52,12.95,Yes,1.97,13.17,Critical
Clear,Yes,7.82,3.51,No,4.68,14.33,Moderate
Clear,No,1.09,16.78,Yes,5.35,6.05,Moderate
Clear,No,3.46,15.51,No,2.96,5.75,Safe
Rain,Yes,1.18,18.56,No,3.51,19.34,High
Clear,No,7.44,4.25,No,1.33,15.76,Safe
Clear,Yes,8.4,4.87,No,3.38,15.17,Safe
Clear,Yes,1.82,22.26,No,9.68,9.86,Moderate
Clear,Yes,4.91,18.75,No,9.47,19.9,Moderate
Storm,No,5.75,22.71,No,3.68,8.36,High
Rain,Yes,4.74,18.97,Yes,5.92,8.8,High
Clear,No,1.89,14.93,No,9.14,14.21,Safe
Clear,No,5.32,16.35,No,0.56,10.73,Safe
Clear,No,9.14,22.23,No,8.2,9.95,Safe
Clear,No,1.32,14.47,No,9.51,17.9,Safe
Clear,Yes,1.42,15.81,Yes,1.37,18.02,Critical
Clear,Yes,4.58,3.91,Yes,2.03,21.49,Critical
Clear,Yes,11.33,11.85,No,9.63,13.35,Safe
Rain,No,8.19,17.91,No,5.61,6.46,Moderate
Rain,No,8.3,6.77,Yes,0.63,10.47,High
Clear,No,4.66,5.06,No,2.95,24.6,Safe
Clear,Yes,7.33,7.85,Yes,4.77,16.93,Moderate
Rain,No,0.62,6.04,No,7.08,19.19,Moderate
Clear,Yes,7.82,5.37,Yes,7.47,5.15,Moderate
Storm,No,11.0,10.62,No,9.96,15.36,High
Rain,No,7.54,22.7,No,3.23,5.75,Moderate
Clear,Yes,10.55,12.68,Yes,5.61,16.38,Moderate
Clear,No,8.83,4.7,No,5.57,23.42,Safe
Rain,Yes,1.89,1.92,No,4.35,24.37,High
Clear,Yes,10.88,17.4,No,2.11,15.81,Safe
Rain,No,1.26,9.57,No,9.79,14.16,Moderate
Storm,No,6.64,20.55,No,8.61,23.9,High
Rain,No,2.13,16.49,No,5.23,18.47,Moderate
Clear,Yes,0.63,19.91,No,6.23,6.3,Moderate
Rain,No,5.35,6.8,No,2.66,14.31,Moderate
Clear,Yes,3.89,17.31,Yes,5.67,9.8,High
Clear,Yes,6.09,6.6,No,7.1,14.4,Moderate
Storm,Yes,7.14,23.48,No,5.39,14.11,High
Clear,No,1.0,15.91,No,9.91,16.64,Safe
Storm,Yes,1.91,8.11,No,6.31,12.14,Critical
Storm,Yes,6.92,6.74,No,4.02,8.29,High
Clear,No,4.45,4.77,No,7.84,15.07,Safe
Clear,No,8.89,17.37,No,2.12,21.6,Safe
Clear,Yes,8.0,5.47,No,4.15,18.28,Safe
Clear,No,10.22,14.88,No,3.8,11.77,Safe
Clear,Yes,8.46,6.62,No,4.6,23.71,Safe
Rain,No,5.44,16.55,No,7.93,23.24,Moderate
Clear,No,8.24,20.37,No,5.1,9.19,Safe
Clear,Yes,3.67,19.45,No,8.04,5.79,Moderate
Rain,No,4.02,19.02,No,5.98,19.83,Moderate
Clear,No,9.57,4.69,Yes,3.75,21.55,Moderate
Rain,No,5.63,2.21,No,8.19,24.36,Moderate
Clear,No,9.68,17.47,No,2.76,22.8,Safe
Clear,No,9.96,9.21,No,2.63,17.01,Safe
Rain,No,10.36,10.81,No,5.29,15.6,Moderate
Rain,Yes,11.04,0.78,No,2.98,5.56,Moderate
Storm,No,5.46,6.49,No,0.59,9.93,High
Rain,Yes,4.17,0.84,Yes,6.66,14.19,High
Rain,No,7.2,21.98,No,5.36,17.57,Moderate
Clear,Yes,4.77,6.08,Yes,4.73,16.15,High
Clear,No,7.41,13.93,No,9.69,19.85,Safe
Rain,Yes,8.61,0.97,No,5.93,10.6,Moderate
Rain,No,8.42,16.67,No,8.7,16.3,Moderate
Storm,No,4.81,8.08,No,1.82,6.76,High
Clear,No,2.42,22.45,No,5.91,13.27,Safe
Clear,No,5.45,22.2,No,8.75,20.0,Safe
Rain,No,2.14,8.13,No,6.04,18.87,Moderate
Clear,No,10.74,22.52,Yes,7.32,24.81,Safe
Storm,Yes,4.48,24.9,Yes,4.03,10.56,Critical
Storm,No,2.28,20.64,No,1.38,14.96,High
Clear,No,0.79,21.12,No,4.85,11.59,Safe
Rain,Yes,7.93,6.23,No,4.25,13.81,Moderate
Rain,Yes,7.82,14.42,No,8.74,22.14,Moderate
Clear,No,4.42,1.68,No,2.82,18.68,Safe
Storm,No,1.32,2.37,No,9.68,22.65,High
Clear,No,5.21,24.97,No,9.6,9.07,Safe
Rain,Yes,4.08,8.17,No,2.85,22.47,High
Clear,Yes,8.29,18.7,Yes,3.81,6.2,Moderate
Storm,No,7.47,20.17,No,9.01,22.77,High
Clear,Yes,4.69,21.45,Yes,9.68,11.58,Moderate
Clear,Yes,3.01,24.94,No,4.71,11.29,Moderate
Storm,No,11.86,6.04,No,3.55,15.24,High
Clear,Yes,5.72,1.01,No,5.5,23.81,Moderate
Clear,No,8.42,10.28,No,7.03,5.96,Safe
Storm,No,2.12,3.25,No,3.1,12.04,High
Storm,No,6.08,0.56,No,7.5,22.13,High
Rain,No,0.82,9.01,No,0.99,12.92,Moderate
Rain,No,6.31,19.59,No,0.97,8.98,Moderate
Clear,Yes,11.59,14.15,No,4.17,13.5,Safe
Clear,No,4.92,7.82,No,3.86,12.71,Safe
Clear,No,0.95,16.36,No,3.5,23.31,Safe
Rain,No,0.86,5.8,No,5.16,20.24,Moderate
Rain,Yes,4.96,0.36,No,3.55,15.1,High
Rain,No,2.34,19.11,No,2.33,24.77,Moderate
Rain,No,0.77,15.59,Yes,3.44,14.31,Moderate
Clear,No,9.2,19.06,No,9.76,6.16,Safe
Clear,No,5.77,0.97,Yes,4.41,10.25,Moderate
Clear,Yes,3.83,20.93,No,4.72,13.72,Moderate
Clear,Yes,10.85,15.49,No,5.98,8.14,Safe
Clear,No,1.84,14.08,No,9.84,23.95,Safe
Storm,Yes,11.49,15.62,No,2.8,20.34,High
Clear,Yes,4.11,21.61,No,6.97,10.37,Moderate
Clear,Yes,10.72,14.67,Yes,7.3,16.82,Safe
Clear,No,7.43,14.52,No,6.27,19.43,Safe
Rain,No,10.01,24.77,No,1.34,23.83,Moderate
Rain,No,11.82,18.92,No,6.93,22.63,Moderate
Clear,Yes,3.82,11.06,Yes,1.11,15.3,Critical
Clear,No,11.55,17.68,No,6.16,20.49,Safe
Rain,No,4.98,9.73,No,7.53,16.24,Moderate
Clear,No,4.93,5.72,No,2.5,16.05,Safe
Rain,Yes,4.41,14.92,Yes,8.5,7.29,High
Rain,No,6.73,23.2,Yes,0.79,7.52,High
Clear,Yes,2.27,23.23,No,8.52,15.59,Moderate
Clear,Yes,6.87,8.55,Yes,4.87,10.38,Moderate
Storm,No,6.73,13.19,Yes,2.57,5.42,Critical
Clear,Yes,9.26,5.29,No,1.77,19.46,Safe
Clear,No,10.09,24.89,No,9.56,5.65,Safe
Rain,Yes,5.57,24.53,No,1.19,16.91,Moderate
Storm,No,3.98,16.24,Yes,2.39,15.78,Critical
Storm,Yes,3.48,20.11,No,3.8,24.38,Critical
Rain,Yes,2.74,17.88,Yes,6.39,14.68,High
Clear,Yes,1.16,14.83,No,5.68,6.27,Moderate
Clear,Yes,4.44,1.33,Yes,1.69,16.03,Critical
Rain,No,3.61,11.37,No,3.25,21.82,Moderate
Rain,Yes,11.61,16.87,No,2.77,24.94,Moderate
Clear,Yes,6.91,16.94,Yes,2.53,13.61,High
Storm,No,4.49,9.33,Yes,4.41,11.41,High
Clear,No,7.18,23.54,Yes,7.19,23.13,Safe
Clear,Yes,2.1,4.18,No,2.57,8.82,Moderate
Clear,Yes,5.61,12.51,No,3.98,17.31,Moderate
Clear,Yes,7.7,17.27,No,4.21,13.11,Moderate
Clear,No,6.12,17.43,No,9.78,5.82,Safe
Clear,Yes,5.12,16.22,No,9.57,11.95,Moderate
Clear,No,11.93,6.88,No,8.1,10.3,Safe
Rain,Yes,10.62,3.91,No,2.8,18.72,Moderate
Rain,No,7.67,15.9,Yes,1.15,23.98,High
Rain,Yes,7.05,14.98,No,3.51,10.36,Moderate
Storm,Yes,7.64,4.48,No,3.03,21.23,High
Clear,No,2.82,17.63,No,5.31,6.11,Safe
Clear,Yes,5.04,11.38,No,7.89,15.76,Moderate
Storm,No,0.95,16.69,No,8.65,6.41,High
Clear,Yes,5.97,20.93,Yes,8.53,23.68,Moderate
Storm,Yes,6.74,4.24,Yes,3.92,20.33,Critical
Clear,No,3.12,0.48,Yes,7.03,18.16,Safe
Storm,Yes,11.59,19.48,Yes,3.47,21.48,High
Clear,Yes,10.96,15.24,No,1.08,17.95,Safe
Storm,No,8.8,17.49,No,7.16,24.38,High
Clear,No,6.63,20.95,No,0.59,19.28,Safe
Storm,Yes,10.5,20.07,No,4.39,23.49,High
Clear,Yes,2.0,24.02,No,3.63,15.34,Moderate
Rain,Yes,9.59,13.4,No,7.09,7.34,Moderate
Storm,Yes,1.94,12.21,No,7.78,15.56,Critical
Clear,No,9.63,10.05,No,3.39,7.54,Safe
Rain,Yes,3.67,3.84,No,8.21,16.85,High
Rain,No,10.59,14.32,No,3.29,14.65,Moderate
Clear,No,11.36,6.93,No,4.74,17.45,Safe
Rain,No,2.21,23.03,No,7.41,5.2,Moderate
Rain,No,5.82,14.58,No,7.08,8.9,Moderate
Storm,No,11.78,14.82,Yes,9.88,14.83,High
Clear,No,6.06,8.87,No,2.64,24.01,Safe
Clear,Yes,10.43,1.3,No,6.79,12.67,Safe
Storm,No,7.27,0.79,Yes,6.29,13.49,High
Storm,No,4.82,10.58,No,9.19,19.29,High
Clear,No,3.79,2.11,No,1.99,17.08,Safe
Rain,No,2.84,15.17,No,7.64,10.98,Moderate
Clear,No,9.26,22.02,No,5.9,13.22,Safe
Clear,No,4.95,22.07,Yes,3.11,9.35,Moderate
Clear,Yes,6.38,16.48,Yes,5.01,24.32,Moderate
Clear,Yes,6.16,5.28,No,3.67,7.61,Moderate
Rain,Yes,7.14,21.57,No,6.0,12.44,Moderate
Clear,No,10.45,22.15,No,8.95,5.52,Safe
Storm,No,11.78,4.92,No,5.91,9.44,High
Storm,Yes,5.19,18.44,No,6.5,20.61,High
Rain,No,10.02,7.16,No,5.43,9.02,Moderate
Clear,No,9.29,20.07,No,0.99,6.6,Safe
Clear,No,7.1,24.93,No,2.71,14.49,Safe
Rain,No,11.49,0.75,No,5.17,5.2,Moderate
Rain,No,2.81,22.43,No,3.45,6.7,Moderate
Clear,No,1.76,15.57,No,2.23,21.15,Safe
Storm,No,10.32,24.33,Yes,5.29,20.43,High
Rain,No,5.55,11.63,No,3.57,23.3,Moderate
Storm,Yes,10.24,21.18,No,2.95,22.09,High
Rain,Yes,10.77,1.56,Yes,4.91,18.66,Moderate
Rain,Yes,1.22,8.38,No,1.77,6.05,High
Clear,Yes,10.66,1.68,No,9.31,20.66,Safe
Storm,Yes,5.66,24.38,No,8.74,21.91,High
Storm,No,6.37,20.42,No,7.22,20.98,High
Clear,No,7.71,21.31,No,1.51,15.17,Safe
Clear,No,11.15,23.45,No,7.87,9.66,Safe
Clear,Yes,0.72,2.13,No,8.18,21.91,Moderate
Rain,Yes,5.98,9.64,Yes,7.79,19.54,Moderate
Storm,No,8.41,1.78,No,1.58,24.62,High
Clear,Yes,8.81,5.27,No,6.62,8.11,Safe
Rain,No,8.46,5.73,Yes,8.43,9.51,Moderate
Clear,Yes,2.05,11.73,No,5.98,9.24,Moderate
Storm,No,3.94,6.71,Yes,6.64,20.85,High
Rain,No,4.63,2.52,No,4.85,8.74,Moderate
Rain,No,9.75,4.19,Yes,5.52,6.33,Moderate
Clear,No,3.71,3.68,No,0.83,24.97,Safe
Clear,No,2.92,24.33,Yes,6.57,5.5,Safe
Clear,No,11.51,18.98,Yes,1.27,21.7,High
Clear,Yes,0.6,24.19,No,4.63,12.31,Moderate
Storm,No,11.97,10.99,No,3.28,21.83,High
Rain,No,8.28,6.96,No,5.68,16.09,Moderate
Storm,Yes,10.03,19.96,No,1.77,23.03,High
Storm,Yes,3.89,8.16,No,7.07,23.52,Critical
Rain,No,0.66,7.48,No,8.05,5.18,Moderate
Rain,No,8.99,5.81,No,2.05,6.51,Moderate
Storm,No,10.09,3.24,No,1.49,10.01,High
Rain,No,9.02,6.41,No,1.88,18.39,Moderate
Clear,Yes,2.14,8.88,No,8.83,22.77,Moderate
Clear,No,9.16,16.85,No,5.52,14.2,Safe
Clear,No,9.34,1.56,No,4.94,17.14,Safe
Storm,Yes,8.07,5.26,No,1.51,8.77,High
Rain,No,9.31,20.23,No,6.67,21.1,Moderate
Clear,No,10.23,3.67,No,8.75,24.35,Safe
Rain,No,7.56,8.57,No,8.37,10.37,Moderate
Rain,Yes,1.52,21.62,No,6.45,14.9,High
Clear,No,6.11,3.87,Yes,1.22,6.72,High
Clear,Yes,1.39,2.07,No,1.57,16.18,Moderate
Rain,No,5.19,12.11,No,0.97,15.06,Moderate
Clear,No,5.18,7.56,No,2.95,7.89,Safe
Rain,Yes,1.26,14.09,Yes,1.79,13.84,Critical
Clear,Yes,4.51,20.1,Yes,2.97,11.68,Critical
Storm,Yes,1.78,3.43,No,4.16,15.44,Critical
Rain,Yes,9.79,14.52,No,9.46,16.71,Moderate
Rain,Yes,11.4,12.64,Yes,6.3,5.17,Moderate
Storm,No,1.33,3.6,No,8.43,20.22,High
Clear,No,11.48,15.6,No,7.25,19.26,Safe
Clear,Yes,6.51,6.84,No,1.57,12.33,Moderate
Clear,No,3.95,12.2,No,7.49,6.06,Safe
Rain,Yes,1.38,2.06,Yes,3.11,20.1,High
Rain,Yes,6.26,11.49,Yes,6.57,24.1,Moderate
Rain,No,9.64,7.66,Yes,3.74,9.8,Moderate
Clear,No,8.63,20.56,No,9.98,11.47,Safe
Clear,Yes,1.08,1.42,Yes,3.0,8.68,High
Clear,No,1.34,10.47,No,3.15,16.54,Safe
Clear,Yes,5.13,11.46,No,9.34,8.1,Moderate
Rain,No,3.9,18.13,Yes,0.73,12.12,High
Clear,Yes,3.17,14.36,No,7.12,18.94,Moderate
Clear,No,3.73,16.68,No,7.39,16.2,Safe
Storm,Yes,9.74,19.43,No,8.45,12.73,High
Clear,No,11.19,21.56,Yes,9.76,13.4,Safe
Clear,No,5.16,7.85,No,9.77,16.24,Safe
Rain,No,10.92,13.45,No,1.12,5.12,Moderate
Clear,Yes,4.2,21.0,No,8.31,6.57,Moderate
Rain,Yes,5.98,24.74,Yes,6.64,22.63,Moderate
Storm,No,3.1,22.24,Yes,6.65,6.56,High
Storm,No,7.87,9.29,No,1.72,19.14,High
Clear,No,11.76,4.88,No,6.68,23.4,Safe
Storm,Yes,7.44,12.23,No,9.83,10.41,High
Clear,Yes,4.61,18.54,Yes,9.16,12.41,Moderate
Clear,No,7.95,12.31,No,4.67,16.38,Safe
Clear,No,1.91,12.08,Yes,0.88,22.63,High
Storm,No,10.72,20.96,No,3.94,23.84,High
Clear,No,6.29,9.04,Yes,8.35,19.79,Safe
Clear,No,5.67,21.49,Yes,7.16,6.73,Safe
Rain,Yes,7.24,10.17,No,4.86,18.38,Moderate
Clear,No,7.69,8.21,Yes,1.02,13.21,High
Clear,Yes,1.33,11.35,No,4.56,14.41,Moderate
Clear,No,8.35,19.06,No,4.96,5.98,Safe
Clear,No,3.28,3.15,No,9.32,8.82,Safe
Clear,Yes,8.71,4.91,Yes,6.59,20.81,Safe
Clear,Yes,9.96,23.79,No,3.46,14.08,Safe
Rain,Yes,9.75,4.39,No,5.49,11.03,Moderate
Clear,No,6.85,14.19,No,1.13,12.68,Safe
Clear,No,6.48,14.48,No,9.74,22.09,Safe
Storm,Yes,2.14,12.24,No,3.92,19.98,Critical
Clear,No,9.42,16.12,No,5.04,10.45,Safe
Rain,No,3.62,5.75,Yes,3.88,7.35,Moderate
Clear,No,6.21,13.82,No,6.98,10.04,Safe
Clear,No,3.77,9.3,No,6.79,23.42,Safe
Clear,Yes,2.04,16.54,No,7.3,16.63,Moderate
Clear,No,7.74,3.53,No,3.05,15.67,Safe
Clear,No,1.12,14.27,Yes,3.5,16.93,Moderate
Clear,No,9.11,4.63,Yes,1.69,12.32,High
Clear,No,4.15,6.97,No,6.73,21.14,Safe
Clear,No,0.5,5.47,Yes,0.88,15.47,High
Clear,No,6.38,4.57,Yes,6.18,7.33,Safe
Clear,No,1.04,20.64,Yes,8.76,7.58,Safe
Clear,Yes,3.68,7.14,No,8.96,15.74,Moderate
Clear,No,8.63,23.18,Yes,4.77,23.73,Moderate
Rain,No,1.22,24.25,No,4.86,11.17,Moderate
Clear,Yes,10.15,14.28,No,1.23,22.39,Safe
Rain,Yes,0.54,3.58,No,6.87,20.28,High
Rain,No,3.34,9.36,No,8.3,9.96,Moderate
Clear,No,9.02,19.94,No,2.82,5.73,Safe
Storm,No,4.14,9.18,No,4.5,7.04,High
Storm,Yes,1.67,2.18,No,8.47,19.57,Critical
Clear,Yes,4.64,13.92,Yes,8.83,8.99,Moderate
Clear,Yes,3.61,21.13,Yes,2.81,12.43,Critical
Rain,No,10.19,19.9,No,5.73,15.03,Moderate
Rain,Yes,4.1,4.38,Yes,2.33,19.51,Critical
Clear,No,9.57,16.82,Yes,1.47,7.26,High
Clear,No,10.76,5.51,Yes,9.16,13.13,Safe
Clear,No,5.49,5.46,No,8.29,14.7,Safe
Clear,Yes,10.96,21.85,No,7.72,15.82,Safe
Rain,No,4.84,6.24,Yes,0.96,21.37,High
Clear,Yes,11.59,6.58,No,8.52,8.43,Safe
Clear,No,1.53,0.02,No,4.66,21.16,Safe
Rain,No,8.4,21.77,No,3.75,18.86,Moderate
Clear,No,6.18,19.81,No,5.69,16.12,Safe
Clear,No,4.96,15.68,No,1.37,18.99,Safe
Rain,Yes,7.78,18.76,No,7.69,13.24,Moderate
Storm,No,8.59,3.8,No,6.03,7.77,High
Clear,Yes,0.55,11.46,Yes,2.27,18.32,Critical
Clear,Yes,2.42,8.78,Yes,2.29,15.49,Critical
Clear,Yes,8.7,2.34,No,2.25,17.79,Safe
Clear,No,8.16,12.15,Yes,1.04,11.76,High
Clear,No,11.61,23.02,No,6.08,23.14,Safe
Clear,No,9.25,1.0,No,8.48,16.75,Safe
Clear,Yes,11.43,7.29,Yes,0.67,6.71,High
Clear,Yes,8.58,5.19,Yes,0.97,14.0,High
Clear,No,3.93,5.95,Yes,5.94,20.13,Moderate
Clear,Yes,1.71,22.71,No,8.29,20.88,Moderate
Clear,No,9.49,11.7,Yes,3.6,14.89,Moderate
Clear,Yes,7.91,11.66,No,3.82,22.89,Moderate
Clear,No,1.05,19.01,Yes,6.17,10.35,Safe
Storm,Yes,4.64,3.86,Yes,3.11,13.21,Critical
Rain,No,11.5,12.18,No,0.75,22.97,Moderate
Rain,Yes,6.25,10.75,No,7.48,22.93,Moderate
Rain,Yes,5.48,14.92,Yes,6.44,18.71,Moderate
Clear,Yes,5.76,24.99,No,6.02,22.18,Moderate
Clear,No,2.9,19.24,No,7.55,6.78,Safe
Clear,No,4.74,9.95,Yes,6.91,22.3,Safe
Rain,No,4.75,20.69,No,2.46,11.41,Moderate
Rain,No,1.1,4.27,Yes,3.85,8.57,Moderate
Clear,No,9.33,0.76,No,1.7,9.79,Safe
Clear,Yes,5.29,5.11,No,1.73,13.36,Moderate
Clear,No,9.96,8.51,Yes,6.92,10.02,Safe
Clear,No,10.28,12.76,No,8.66,11.41,Safe
Rain,No,2.94,15.38,No,9.65,7.7,Moderate
Rain,No,8.06,22.77,Yes,6.47,10.92,Moderate
Clear,Yes,5.93,12.75,No,2.25,16.45,Moderate
Storm,No,10.62,12.53,No,1.5,13.84,High
Rain,Yes,2.98,1.26,No,8.22,11.93,High
Clear,No,8.29,0.87,Yes,6.0,19.93,Safe
Clear,Yes,7.49,13.78,Yes,6.37,22.87,Moderate
Clear,Yes,3.9,10.95,Yes,7.92,20.14,Moderate
Clear,No,2.07,20.98,No,7.18,11.64,Safe
Clear,Yes,7.99,4.02,Yes,8.43,19.89,Moderate
Clear,No,8.99,0.62,No,1.03,8.04,Safe
Clear,Yes,4.13,11.23,No,7.6,7.61,Moderate
Clear,No,7.92,5.94,No,8.58,11.91,Safe
Storm,Yes,5.04,1.24,Yes,3.22,21.15,Critical
Clear,Yes,8.7,18.11,Yes,6.58,9.93,Safe
Clear,Yes,2.79,2.79,No,3.48,6.27,Moderate
Clear,Yes,10.74,15.21,No,9.6,7.63,Safe
Storm,No,3.81,7.03,Yes,0.82,22.17,Critical
Clear,No,4.73,4.34,No,6.01,17.68,Safe
Clear,No,1.17,9.49,Yes,2.08,10.06,High
Storm,No,1.78,20.04,No,7.27,16.11,High
Storm,Yes,6.43,9.8,No,2.17,15.55,High
Rain,No,3.58,18.77,No,2.74,18.11,Moderate
Clear,Yes,10.11,3.14,No,5.2,9.66,Safe
Clear,Yes,0.67,19.32,Yes,9.19,22.29,Moderate
Rain,Yes,4.86,5.92,No,2.51,11.19,High
Storm,No,4.38,16.93,Yes,1.87,18.88,Critical
Rain,Yes,0.72,14.14,No,7.71,5.32,High
Rain,Yes,1.93,23.23,No,5.26,12.45,High
Clear,No,5.26,9.68,No,9.16,12.03,Safe
Rain,Yes,6.17,1.65,No,1.89,15.87,Moderate
Clear,Yes,5.15,0.48,Yes,6.64,6.45,Moderate
Clear,No,6.61,20.67,No,2.71,20.8,Safe
Clear,No,7.34,13.12,No,1.99,9.36,Safe
Clear,No,0.61,19.38,No,6.99,18.54,Safe
Clear,No,5.84,5.86,No,6.14,21.06,Safe
Clear,No,11.58,8.63,No,7.67,16.24,Safe
Rain,No,6.47,0.75,Yes,3.44,19.82,Moderate
Clear,No,8.29,24.04,No,4.76,18.24,Safe
Rain,No,4.09,16.7,No,4.35,12.11,Moderate
Clear,Yes,9.4,23.33,No,9.85,21.18,Safe
Clear,No,9.39,6.64,Yes,3.28,10.89,Moderate
Clear,Yes,6.49,15.29,No,3.3,16.42,Moderate
Clear,No,11.72,16.96,No,3.87,19.91,Safe
Clear,No,1.94,7.94,No,5.86,12.58,Safe
Clear,No,0.69,21.2,No,2.9,11.06,Safe
Clear,No,9.36,23.68,No,9.2,14.19,Safe
Storm,No,9.78,22.12,No,3.02,21.36,High
Clear,Yes,1.88,18.48,Yes,9.01,23.6,Moderate
Rain,No,3.55,6.94,No,1.48,15.9,Moderate
Clear,Yes,0.7,7.04,Yes,6.74,18.23,Moderate
Rain,Yes,3.87,24.08,No,9.12,23.07,High
Rain,No,9.39,0.26,No,2.1,6.97,Moderate
Rain,No,6.46,17.9,No,9.7,9.64,Moderate
Clear,Yes,4.5,17.66,No,4.8,19.18,Moderate
Clear,No,4.78,15.57,Yes,9.48,21.47,Safe
Clear,No,0.52,24.75,No,6.93,22.14,Safe
Storm,Yes,3.95,7.8,No,3.37,13.3,Critical
Rain,No,7.93,8.5,No,2.29,6.79,Moderate
Storm,Yes,11.7,1.97,Yes,3.39,13.76,High
Clear,Yes,10.24,11.07,No,1.38,9.61,Safe
Rain,No,0.77,6.53,Yes,1.87,10.82,High
Storm,No,10.83,8.58,No,1.49,20.45,High
Clear,No,9.51,20.86,No,4.52,6.51,Safe
Clear,No,9.47,23.39,No,8.06,21.55,Safe
Rain,No,5.77,4.64,No,1.84,13.55,Moderate
Rain,Yes,5.08,9.31,No,1.74,16.92,Moderate
Rain,No,3.98,23.22,No,6.61,6.79,Moderate
Clear,No,1.26,1.55,Yes,2.37,11.75,High
Rain,Yes,3.12,2.31,Yes,1.43,6.79,Critical
Clear,Yes,3.34,4.07,Yes,2.09,24.23,Critical
Clear,Yes,6.07,14.88,No,9.28,21.15,Moderate
Clear,No,9.1,3.76,No,8.3,14.19,Safe
Rain,Yes,5.95,24.2,No,3.86,9.47,Moderate
Rain,No,1.17,11.17,Yes,6.73,23.67,Moderate
Clear,No,11.51,12.54,Yes,5.6,11.89,Moderate
Clear,No,11.34,6.17,No,6.93,8.22,Safe
Storm,Yes,9.53,11.77,No,6.99,16.26,High
Clear,No,11.9,16.55,No,6.47,23.88,Safe
Rain,No,6.76,18.78,No,3.03,5.08,Moderate
Clear,No,11.57,18.85,No,0.87,9.76,Safe
Clear,No,1.37,14.45,No,4.83,23.77,Safe
Clear,Yes,4.71,22.61,Yes,8.96,8.42,Moderate
Clear,Yes,3.09,20.44,No,5.91,7.26,Moderate
Rain,Yes,2.75,18.93,No,8.41,16.4,High
Clear,No,2.12,1.39,Yes,9.92,22.24,Safe
Clear,No,7.66,0.17,No,2.05,14.54,Safe
Storm,No,9.49,5.31,No,7.07,24.89,High
Clear,No,7.15,16.59,No,6.91,18.58,Safe
Clear,No,2.19,10.28,No,9.81,6.48,Safe
Storm,Yes,9.83,10.06,No,9.86,24.86,High
Rain,No,7.81,22.11,Yes,7.02,13.16,Moderate
Clear,No,4.96,22.39,No,2.81,10.75,Safe
Storm,No,8.25,22.73,No,8.09,16.16,High
Rain,No,3.49,7.85,No,1.52,11.09,Moderate
Clear,No,4.47,17.28,No,7.92,6.73,Safe
Clear,Yes,11.05,6.79,Yes,9.15,5.03,Safe
Rain,Yes,3.84,4.77,Yes,4.14,13.99,High
Rain,Yes,5.9,4.62,No,6.49,21.74,Moderate
Clear,No,10.74,8.55,Yes,4.59,16.45,Moderate
Storm,No,8.64,10.75,No,4.66,24.98,High
Rain,No,1.22,20.77,Yes,3.45,10.74,Moderate
Clear,No,2.19,3.0,No,7.74,10.61,Safe
Clear,Yes,0.59,18.37,Yes,9.39,8.19,Moderate
Clear,No,7.76,13.29,Yes,9.44,8.28,Safe
Rain,No,5.65,7.2,No,2.16,10.7,Moderate
Clear,No,2.04,12.32,No,8.81,20.86,Safe
Rain,No,11.52,7.5,Yes,7.51,23.12,Moderate
Rain,Yes,6.59,14.9,Yes,2.9,24.5,Critical
Storm,No,3.28,10.85,No,1.14,9.65,High
Clear,No,6.26,4.11,Yes,3.05,22.63,Moderate
Rain,No,8.32,2.91,No,9.17,11.57,Moderate
Clear,No,1.38,13.67,No,6.52,7.26,Safe
Rain,Yes,3.66,22.56,No,7.35,22.4,High
Clear,Yes,9.78,8.6,No,2.94,17.72,Safe
Clear,Yes,5.79,18.33,Yes,7.33,8.29,Moderate
Rain,Yes,6.79,16.47,No,0.77,13.6,Moderate
Clear,No,5.48,23.29,Yes,4.07,10.75,Moderate
Clear,Yes,1.0,20.52,No,6.45,19.74,Moderate
Rain,No,2.41,14.17,No,1.89,14.07,Moderate
Rain,No,5.62,16.43,No,8.32,24.79,Moderate
Rain,Yes,2.91,22.46,No,2.73,6.09,High
Rain,No,1.07,9.99,No,6.7,12.1,Moderate
Clear,Yes,10.2,8.17,No,4.35,14.64,Safe
Clear,No,11.78,0.27,No,6.16,15.06,Safe
Clear,Yes,9.62,20.66,No,1.52,11.32,Safe
Clear,Yes,10.32,20.02,No,0.66,19.58,Safe
Storm,Yes,3.28,2.61,No,9.14,22.49,Critical
Rain,Yes,11.55,14.42,Yes,3.06,23.77,Moderate
Clear,Yes,2.76,11.6,Yes,8.29,21.1,Moderate
Clear,No,11.44,2.97,No,9.99,22.01,Safe
Storm,No,11.94,24.51,No,2.51,16.01,High
Clear,No,8.68,5.37,No,3.02,21.52,Safe
Rain,Yes,11.78,1.68,Yes,6.8,11.07,Moderate
Clear,No,7.05,14.87,No,9.67,12.97,Safe
Rain,Yes,3.48,18.47,No,9.2,11.34,High
Clear,No,5.53,0.81,No,5.28,14.35,Safe
Storm,No,7.33,16.47,No,8.05,10.71,High
Storm,Yes,1.34,13.31,No,1.79,24.23,Critical
Rain,No,7.66,2.58,Yes,9.79,11.26,Moderate
Rain,No,11.78,4.31,No,9.66,6.96,Moderate
Storm,No,2.69,14.2,No,2.06,15.54,High
Rain,Yes,9.61,7.41,No,3.34,6.14,Moderate
Clear,Yes,10.94,23.46,No,1.45,7.21,Safe
Rain,No,11.35,20.47,Yes,3.08,9.39,Moderate
Rain,No,11.54,24.59,No,8.25,14.29,Moderate
Clear,No,6.5,6.49,Yes,4.09,13.67,Moderate
Rain,Yes,11.74,24.24,No,1.34,20.99,Moderate
Storm,Yes,9.21,10.78,No,3.75,19.79,High
Storm,No,2.36,8.69,Yes,9.82,13.53,High
Clear,No,5.98,1.26,No,6.48,11.67,Safe
Clear,No,8.76,1.32,Yes,4.45,11.33,Moderate
Storm,Yes,3.34,17.3,No,2.08,20.48,Critical
Rain,Yes,7.87,11.45,Yes,9.87,6.04,Moderate
Clear,No,8.17,5.66,No,8.3,5.26,Safe
Storm,No,2.37,15.35,No,3.17,20.91,High
Storm,No,7.0,6.32,Yes,1.17,14.54,Critical
Clear,Yes,9.37,14.44,Yes,1.04,7.62,High
Rain,No,6.24,8.98,Yes,1.64,9.71,High
Clear,Yes,0.64,20.59,Yes,6.02,23.65,Moderate
Clear,Yes,0.6,20.52,Yes,9.32,22.19,Moderate
Clear,No,4.61,11.93,No,5.22,19.2,Safe
Rain,No,11.15,8.77,No,8.51,14.64,Moderate
Clear,No,3.13,9.06,No,4.74,15.41,Safe
Clear,Yes,7.8,20.14,No,7.23,24.5,Moderate
Clear,Yes,3.05,8.2,No,7.45,24.32,Moderate
Clear,Yes,4.2,5.23,No,2.15,9.31,Moderate
Storm,No,10.25,2.12,No,3.93,21.22,High
Clear,No,8.88,11.67,No,6.55,8.94,Safe
Clear,Yes,1.6,12.05,No,1.17,9.27,Moderate
Rain,Yes,5.43,21.02,No,3.93,18.52,Moderate
Clear,No,0.84,5.53,No,5.58,13.1,Safe
Clear,Yes,6.03,9.52,Yes,9.96,23.63,Moderate
Clear,Yes,8.12,20.21,Yes,5.01,6.78,Moderate
Clear,No,1.86,20.59,No,8.25,15.23,Safe
Clear,Yes,3.82,9.62,No,4.6,23.37,Moderate
Clear,Yes,5.08,11.48,No,8.07,23.08,Moderate
Clear,Yes,11.07,7.58,No,6.16,8.13,Safe
Storm,No,11.92,23.31,No,8.92,12.33,High
Clear,No,1.02,2.97,No,4.4,17.38,Safe
Rain,Yes,9.25,23.34,No,6.24,8.19,Moderate
Rain,No,4.77,17.1,No,6.49,24.36,Moderate
Clear,No,5.01,13.29,Yes,4.47,23.29,Moderate
Rain,No,9.17,0.82,Yes,1.87,8.34,High
Clear,No,11.06,11.89,No,1.39,7.42,Safe
Storm,Yes,11.44,10.19,No,0.66,6.71,High
Clear,Yes,7.14,4.03,No,8.8,23.19,Moderate
Clear,No,4.61,16.41,No,2.75,8.87,Safe
Clear,No,9.56,24.28,Yes,2.51,13.33,High
Storm,No,3.39,14.05,No,7.49,13.98,High
Clear,Yes,6.99,17.87,Yes,3.54,16.98,Moderate
Rain,Yes,4.62,1.71,No,5.31,6.43,High
Clear,No,8.05,10.44,Yes,2.04,9.54,High
Rain,Yes,3.26,2.91,No,9.62,23.63,High
Clear,Yes,2.7,15.32,Yes,8.59,23.17,Moderate
Storm,Yes,11.06,23.46,No,8.71,20.63,High
Clear,Yes,1.67,16.54,No,4.36,5.39,Moderate
Clear,No,6.32,1.92,No,7.74,11.54,Safe
Clear,Yes,3.04,8.87,No,1.87,17.56,Moderate
Clear,No,0.95,13.77,Yes,0.58,10.5,High
Rain,Yes,0.91,10.08,Yes,0.69,23.19,Critical
Clear,Yes,2.52,20.84,Yes,6.07,17.68,Moderate
Rain,Yes,10.47,20.37,No,4.83,6.44,Moderate
Clear,Yes,3.75,15.3,Yes,5.42,23.18,High
Clear,No,11.43,9.34,No,0.57,24.16,Safe
Clear,No,7.19,6.38,No,4.52,6.55,Safe
Clear,Yes,5.52,2.65,No,7.32,15.65,Moderate
Rain,Yes,7.17,8.87,No,4.71,11.07,Moderate
Clear,No,6.44,10.33,No,7.46,12.86,Safe
Clear,No,9.23,16.9,No,2.71,8.59,Safe
Storm,No,3.75,16.45,No,8.22,16.56,High
Storm,Yes,4.56,1.75,Yes,6.09,24.16,Critical
Clear,Yes,10.78,9.88,No,2.5,15.06,Safe
Clear,No,11.38,4.54,No,2.75,6.66,Safe
Rain,No,10.76,3.92,No,6.47,17.4,Moderate
Clear,Yes,5.32,20.68,No,8.38,11.8,Moderate
Clear,Yes,9.47,1.05,No,4.45,22.12,Safe
Clear,No,5.98,10.48,No,2.95,13.69,Safe
Rain,No,6.22,4.21,No,8.74,8.86,Moderate
Rain,No,2.85,21.98,No,6.86,8.82,Moderate
Clear,No,7.3,13.93,No,4.76,20.38,Safe
Clear,No,2.64,5.78,Yes,5.14,10.31,Moderate
Clear,Yes,4.31,12.56,No,2.44,20.34,Moderate
Rain,Yes,10.33,18.29,No,6.45,9.12,Moderate
Clear,Yes,2.88,23.95,Yes,3.91,11.43,High
Clear,Yes,1.32,5.51,No,9.96,14.31,Moderate
Rain,No,1.29,22.15,No,5.06,23.86,Moderate
Clear,No,11.32,23.36,Yes,5.12,23.63,Moderate
Rain,No,6.33,22.91,No,5.88,9.14,Moderate
Clear,No,5.21,15.89,No,9.21,12.16,Safe
Clear,Yes,9.83,15.75,No,8.11,7.99,Safe
Clear,Yes,10.11,10.08,No,4.79,15.2,Safe
Rain,No,4.32,18.81,No,7.33,14.21,Moderate
Storm,No,8.48,13.28,No,6.07,23.02,High
Rain,Yes,9.37,16.94,No,5.18,23.6,Moderate
Clear,No,8.03,10.71,No,2.33,12.67,Safe
Rain,No,2.24,18.29,No,4.91,14.83,Moderate
Clear,Yes,10.57,20.61,No,2.84,22.92,Safe
Clear,Yes,6.7,3.66,No,9.19,21.13,Moderate
Storm,No,3.75,20.82,No,3.69,5.07,High
Clear,No,5.39,13.51,No,9.55,11.4,Safe
Clear,Yes,0.93,21.12,Yes,5.56,13.44,High
Clear,No,1.97,10.78,No,6.5,9.59,Safe
Clear,No,9.3,9.48,No,5.66,8.99,Safe
Clear,Yes,0.5,22.88,No,1.73,5.76,Moderate
Rain,No,5.29,6.28,No,4.07,17.87,Moderate
Clear,Yes,6.51,21.11,Yes,1.44,10.25,High
Storm,No,1.13,12.1,No,6.42,6.05,High
Rain,Yes,11.69,12.85,Yes,4.75,9.62,Moderate
Clear,No,3.1,7.71,No,7.89,21.04,Safe
Clear,No,4.0,14.33,Yes,2.59,22.03,High
Clear,No,4.0,8.13,No,2.06,14.66,Safe
Rain,No,3.15,0.98,Yes,4.36,13.32,Moderate
Clear,Yes,0.52,6.8,No,9.3,24.56,Moderate
Rain,Yes,8.89,0.16,No,7.25,9.01,Moderate
Clear,No,11.62,24.46,No,4.48,9.31,Safe
Rain,No,3.08,24.14,No,5.41,10.84,Moderate
Clear,Yes,8.13,9.88,Yes,1.3,8.46,High
Clear,Yes,9.03,18.21,No,9.85,12.59,Safe
Storm,No,10.26,8.65,No,6.83,23.22,High
Rain,No,5.36,16.78,Yes,3.21,17.31,Moderate
Clear,No,3.98,20.14,No,6.07,13.24,Safe
Storm,Yes,4.24,23.67,Yes,1.54,23.69,Critical
Clear,No,8.7,10.01,Yes,9.68,5.97,Safe
Storm,Yes,9.89,19.58,No,2.16,9.21,High
Rain,No,2.59,6.65,Yes,6.66,16.32,Moderate
Clear,Yes,4.77,24.76,No,2.83,17.31,Moderate
Clear,No,10.87,0.64,No,7.32,5.79,Safe
Clear,No,9.78,15.09,No,7.88,13.06,Safe
Clear,No,11.83,16.49,No,6.9,17.98,Safe
Rain,Yes,9.17,17.2,Yes,6.34,18.96,Moderate
Clear,No,5.02,3.01,Yes,8.98,17.76,Safe
Clear,No,7.29,23.46,No,1.25,11.41,Safe
Rain,No,8.1,4.53,No,3.64,6.87,Moderate
Storm,No,1.4,15.57,Yes,2.86,13.54,Critical
Clear,Yes,6.76,5.57,No,9.89,7.58,Moderate
Clear,Yes,8.66,7.68,No,4.2,23.95,Safe
Clear,Yes,2.42,13.66,No,7.46,14.5,Moderate
Clear,No,9.48,10.43,Yes,7.0,11.35,Safe
Storm,Yes,7.21,4.01,No,2.51,20.33,High
Clear,No,11.45,4.27,Yes,2.77,14.96,High
Rain,No,0.99,10.45,Yes,3.17,11.2,Moderate
Clear,No,3.55,18.93,No,4.41,21.24,Safe
Rain,No,7.42,22.45,No,2.73,22.34,Moderate
Rain,Yes,3.91,2.1,Yes,0.69,18.46,Critical
Rain,Yes,8.72,9.83,No,8.85,5.94,Moderate
Clear,Yes,9.23,2.51,Yes,9.67,16.33,Safe
Clear,No,1.68,0.41,Yes,3.74,20.27,Moderate
Clear,No,6.41,16.54,No,3.72,7.73,Safe
Storm,No,6.35,15.06,Yes,0.57,9.57,Critical
Storm,No,4.75,4.08,Yes,6.96,22.65,High
Rain,No,11.23,5.85,Yes,8.34,5.4,Moderate
Rain,No,10.02,0.59,No,1.89,20.05,Moderate
Rain,No,8.52,20.87,No,2.02,14.48,Moderate
Clear,No,8.71,24.37,No,8.01,13.94,Safe
Storm,Yes,5.81,3.39,No,6.35,5.14,High
Clear,Yes,11.09,5.79,No,0.93,21.39,Safe
Clear,Yes,8.49,21.71,Yes,6.41,12.2,Safe
Clear,Yes,8.88,23.16,No,3.43,15.82,Safe
Clear,No,10.41,10.49,No,4.0,18.55,Safe
Clear,Yes,3.65,1.27,No,7.81,19.05,Moderate
Rain,Yes,9.78,0.98,Yes,8.2,24.12,Moderate
Clear,No,2.75,14.35,No,4.3,15.63,Safe
Rain,No,4.47,9.82,No,9.5,12.99,Moderate
Clear,Yes,4.36,0.72,No,4.36,24.07,Moderate
Clear,No,11.75,14.58,Yes,7.83,17.84,Safe
Clear,No,10.35,0.28,No,5.1,10.96,Safe
Clear,No,8.56,19.68,No,9.03,7.53,Safe
Rain,No,8.86,7.66,Yes,9.12,21.85,Moderate
Clear,No,6.96,1.01,Yes,1.33,12.24,High
Rain,No,11.39,14.71,Yes,9.4,18.21,Moderate
Clear,No,6.21,9.94,No,8.34,14.42,Safe
Rain,No,4.88,24.35,No,8.02,8.98,Moderate
Storm,Yes,2.37,13.6,Yes,2.41,17.03,Critical
Rain,No,9.54,6.88,No,8.15,6.21,Moderate
Clear,No,8.95,17.74,Yes,8.58,13.27,Safe
Clear,No,4.92,6.79,No,3.25,15.93,Safe
Clear,Yes,0.79,22.61,No,9.55,13.72,Moderate
Rain,No,10.15,9.37,No,0.97,19.97,Moderate
Clear,No,0.63,13.75,No,1.92,21.56,Safe
Clear,Yes,8.59,1.26,No,5.61,20.42,Safe
Rain,Yes,11.66,10.65,No,5.97,5.78,Moderate
Clear,No,5.53,20.81,Yes,6.63,8.88,Safe
Rain,Yes,3.2,20.14,No,0.66,15.73,High
Clear,No,8.61,5.61,No,9.62,23.7,Safe
Clear,No,9.9,5.65,Yes,0.92,21.7,High
Rain,No,6.78,20.43,No,1.86,21.85,Moderate
Clear,No,11.62,23.26,No,0.63,11.06,Safe
Rain,Yes,1.09,2.38,Yes,5.89,13.59,High
Clear,No,6.31,11.25,No,9.36,14.41,Safe
Clear,No,8.76,8.44,Yes,6.83,8.15,Safe
Rain,Yes,10.42,21.77,Yes,8.32,5.62,Moderate
Rain,Yes,2.56,2.09,Yes,0.63,23.94,Critical
Rain,No,9.7,5.28,No,5.65,9.81,Moderate
Clear,Yes,6.86,18.81,No,4.87,9.8,Moderate
Rain,No,5.06,1.28,No,5.24,6.67,Moderate
Clear,Yes,2.01,12.31,No,1.19,23.57,Moderate
Clear,Yes,10.45,11.05,Yes,7.0,16.59,Safe
Storm,Yes,2.31,8.36,No,5.28,18.34,Critical
Clear,No,4.06,9.86,No,7.77,23.23,Safe
Storm,No,3.84,13.25,Yes,5.11,11.91,High
Clear,No,10.52,4.03,No,1.92,17.43,Safe
